date,open,high,low,close,volume
2023-01-01 00:00:00,49983.279331710095,49993.721950813284,49905.944852484696,49945.718469834974,5929.584469942711
2023-01-01 01:00:00,50163.53993785504,50364.814193047816,49951.53293092388,50100.372322834235,4465.552791958303
2023-01-01 02:00:00,50029.88827854245,50151.02619738857,49967.432394697375,50115.1590259127,4867.198825488025
2023-01-01 03:00:00,50172.89009081062,50233.97709597126,49912.67529808226,50076.20041581925,5568.504206667875
2023-01-01 04:00:00,50180.61283292146,50263.357039810486,50127.36425167239,50173.090189421775,5243.765760530874
2023-01-01 05:00:00,50228.2709590707,50444.744139577466,50139.31795927222,50335.09707938011,4652.035662065074
2023-01-01 06:00:00,50159.19528781763,50243.84417808912,50068.77593852208,50181.69634086065,3868.3590732488474
2023-01-01 07:00:00,50366.65802311686,50455.16757368011,50261.76017983145,50332.08972209255,3582.1055119703306
2023-01-01 08:00:00,50489.5722324962,50502.08285469844,50321.85804063301,50467.33721697568,6784.3567953013035
2023-01-01 09:00:00,50491.26485562092,50508.32749582595,50410.92491800618,50411.2084344322,5631.948284009333
2023-01-01 10:00:00,50414.82889756595,50690.75894616585,50343.361250728536,50471.10619746941,6220.568913714527
2023-01-01 11:00:00,50534.081300069854,50778.690198306555,50111.397130747086,50550.82010710871,3412.7935732123697
2023-01-01 12:00:00,50674.36146445099,50815.67286435277,50663.777146238535,50680.63008736682,4904.3472555067
2023-01-01 13:00:00,50618.45743972803,50892.35864338456,50442.59845962871,50624.62055673143,4317.235280162628
2023-01-01 14:00:00,50740.09443193323,50750.82952659444,50522.45289281934,50684.871609088405,5343.257980977566
2023-01-01 15:00:00,50730.44597196898,50770.296930315955,50506.27153891811,50735.85819379483,5006.029327171035
2023-01-01 16:00:00,51005.75530082136,51205.93150325411,50767.90990488132,50918.377312217075,5505.685851337923
2023-01-01 17:00:00,50980.56418324229,51105.54634193525,50953.52883136501,50967.925163034546,4766.4960068699
2023-01-01 18:00:00,51027.101608395926,51060.227877426696,50767.36087901069,50959.29360398486,5974.386203344494
2023-01-01 19:00:00,50962.36327520489,51004.445753059044,50667.3168105197,50978.9052795547,5191.482325439912
2023-01-01 20:00:00,51008.24375695309,51230.74515650578,50859.177402825546,51046.96943889582,5160.293721096273
2023-01-01 21:00:00,51094.63892712187,51238.62763676235,51070.152021442984,51135.142662013604,3339.524929237043
2023-01-01 22:00:00,51094.38024489332,51298.73590302341,50672.16838817559,51064.31941769099,5034.902564062005
2023-01-01 23:00:00,51232.32402418004,51479.25308848604,51194.481543997215,51220.40761385527,5275.341863079922
2023-01-02 00:00:00,51117.17140924372,51363.39164359644,50977.20933226836,51149.427178733764,3726.429763187756
2023-01-02 01:00:00,51289.1753494183,51410.44843408078,51189.97429266232,51230.73868750359,4627.728268641714
2023-01-02 02:00:00,51418.81226347101,51465.21975749661,51056.63805585089,51358.48657292133,3916.322320640418
2023-01-02 03:00:00,51313.430277539555,51320.718100454964,51249.125561732544,51292.20232862507,6595.921171610449
2023-01-02 04:00:00,51437.22750286602,51614.304079400375,51324.859185378315,51407.13797813198,4584.380623844249
2023-01-02 05:00:00,51397.21806946465,51582.89756187165,51304.34227108598,51421.558719853485,4620.269672419864
2023-01-02 06:00:00,51504.03959704969,51650.23678472612,51412.5107860257,51502.37054662499,4765.585088082129
2023-01-02 07:00:00,51411.730237733216,51604.70864454359,51294.53692793354,51425.72711038353,4345.618914179507
2023-01-02 08:00:00,51519.89235925134,51834.704264521075,51415.49202168942,51527.584960936125,4704.170932094361
2023-01-02 09:00:00,51525.704042025645,51724.6982756494,51281.8665629491,51631.672804936774,4093.4104778356427
2023-01-02 10:00:00,51817.49981234097,52144.716197855065,51748.64929705572,51763.54483875965,5800.929646665127
2023-01-02 11:00:00,51837.95044411884,51981.03766700442,51662.09828625776,51758.99498353726,6804.436323402601
2023-01-02 12:00:00,51817.02553928239,51932.78000351492,51705.49159341492,51818.32411397666,4027.4436764325346
2023-01-02 13:00:00,51880.27765467402,52072.544046360104,51742.10500428405,51903.09800424198,3825.7296971746555
2023-01-02 14:00:00,51886.34680082466,51948.94659927456,51753.447309239134,51875.21510204147,4843.640272770701
2023-01-02 15:00:00,52003.1916297448,52027.935560657614,51642.798709102055,51983.87833588734,5047.002445368645
2023-01-02 16:00:00,51913.82837218624,52096.440750199006,51807.950966600234,51979.93369429874,4394.98734392701
2023-01-02 17:00:00,51983.860788664686,52074.432279665685,51957.38897168206,51984.32359600104,6642.18277204502
2023-01-02 18:00:00,52187.573290904016,52456.15171955037,52065.04194295544,52101.66713152437,3518.0415438971454
2023-01-02 19:00:00,52264.09606041975,52329.37579037539,52194.43057372362,52200.40746483742,5628.32010285517
2023-01-02 20:00:00,52155.337278293315,52494.463403998074,52018.435412152765,52239.15167477222,5352.271582071473
2023-01-02 21:00:00,52318.705869324534,52406.12297758926,52253.81518265471,52272.13574800334,4692.22567785544
2023-01-02 22:00:00,52404.08785867298,52488.03759338841,52347.302308035694,52442.85058652921,6083.198802688199
2023-01-02 23:00:00,52404.896439098775,52539.03225032726,52146.62573932806,52394.38298175282,4872.437837990069
2023-01-03 00:00:00,52471.738396218054,52488.62075615234,52230.81237913181,52473.1792245393,6074.465140535508
2023-01-03 01:00:00,52643.06065169595,52773.081404259276,52459.50293281865,52586.65464167237,5952.830861811656
2023-01-03 02:00:00,52462.56521381436,52611.84722691012,52206.63161942179,52460.54825909447,5380.921433772227
2023-01-03 03:00:00,52510.63271959711,52645.59653834386,52255.08313729677,52523.818165247336,4502.839853311135
2023-01-03 04:00:00,52749.895504068416,53057.39999192861,52536.87428973886,52713.44823751877,4450.746411271937
2023-01-03 05:00:00,52605.39532311394,52661.86607220323,52572.25806896296,52636.86454000563,5300.79543936705
2023-01-03 06:00:00,52685.4995074292,52827.25370397408,52637.87858849283,52728.756888787895,5154.91185973371
2023-01-03 07:00:00,52877.42229955182,52942.35921512213,52708.91072342854,52831.243576249,3857.0479604585
2023-01-03 08:00:00,52852.54584695495,53166.005318881056,52790.378878162075,52872.818147847494,5747.392961546317
2023-01-03 09:00:00,52980.97800112162,53048.58213015871,52929.841627254194,52966.532187886936,8571.57921802631
2023-01-03 10:00:00,52983.077257867575,53010.168678258306,52597.65138675974,53004.07513614461,6106.266657594721
2023-01-03 11:00:00,53003.9798348124,53042.93994356355,52920.01508267969,53033.26761328327,4861.317054725155
2023-01-03 12:00:00,52976.60486683644,52998.51016101522,52968.21313698763,52991.667594590675,4845.794688514117
2023-01-03 13:00:00,53111.6334833873,53329.07887858227,52971.19300622237,53120.551214197745,5887.4423184465895
2023-01-03 14:00:00,53108.09925077491,53347.41560207759,52927.800784042,53147.02673103848,4446.595671198435
2023-01-03 15:00:00,53196.445078121054,53305.48065217926,52821.983555356135,53115.50490882116,6101.525986153172
2023-01-03 16:00:00,53296.81745260222,53459.40728664162,53176.227727635014,53303.18818464708,3738.229988252958
2023-01-03 17:00:00,53388.87744313261,53614.27490971474,53073.47272937263,53323.19010955722,3074.4131092356474
2023-01-03 18:00:00,53186.56295874998,53501.87162902852,52840.41289986009,53335.60783736489,4964.39451539017
2023-01-03 19:00:00,53252.8213029571,53547.39506689325,52880.25466070239,53372.18378078917,5345.124240612072
2023-01-03 20:00:00,53377.24684984835,53636.7806854561,53335.10247201609,53374.4283771084,5048.108563136617
2023-01-03 21:00:00,53408.9558232624,53515.07472873478,53218.08837823852,53494.824688526416,4651.741881160619
2023-01-03 22:00:00,53548.211752951735,53886.8920416733,53323.43233848711,53558.775491325825,6057.695101428216
2023-01-03 23:00:00,53508.878569807246,53693.643114984174,53397.70053225122,53544.30083664643,4942.53387299917
2023-01-04 00:00:00,53632.27330599816,53714.853550478605,53413.452395685,53694.473838818616,5774.000002075785
2023-01-04 01:00:00,53575.31651007277,53844.434459791104,53573.70400243204,53632.00853454454,4154.35557160477
2023-01-04 02:00:00,53680.10146317868,53901.45085897191,53543.19932808545,53631.21871987162,4999.924473389385
2023-01-04 03:00:00,53833.34153807465,54164.29105465574,53684.657098781594,53839.86514242343,5168.234342423432
2023-01-04 04:00:00,53747.18132805233,54022.686431350674,53667.33759699303,53818.21553647874,4485.759609288929
2023-01-04 05:00:00,53870.71748160602,54183.5050844862,53719.45037339641,53882.58740962324,5380.2191448661715
2023-01-04 06:00:00,53821.22515469771,54161.014119896645,53651.30061005498,53897.51810325269,4851.594612440129
2023-01-04 07:00:00,53879.966848363045,53939.99033087698,53685.68592280621,53909.60085186313,4529.214442292659
2023-01-04 08:00:00,54144.45530905286,54438.073317436916,54052.18865520794,54103.165909140254,5113.755972879837
2023-01-04 09:00:00,54062.0641637679,54253.27145952988,53864.75662025692,54056.46564171675,6089.165382458384
2023-01-04 10:00:00,54158.06233484699,54388.542431467766,54079.69042243555,54224.46176582154,6079.796350300936
2023-01-04 11:00:00,54209.44855188515,54422.06581514624,54070.14845262656,54232.28460122973,4982.608777769803
2023-01-04 12:00:00,54305.237843213115,54450.59125669455,54189.36319755442,54226.68633508837,4550.3323983370265
2023-01-04 13:00:00,54239.90185685028,54270.852774952895,54095.159665551335,54238.63417287296,5841.939573024577
2023-01-04 14:00:00,54285.23169995328,54375.731107819505,54197.177524938095,54306.811244098324,5231.017267343372
2023-01-04 15:00:00,54295.71172659859,54355.313357176,53845.06767816718,54333.31323738464,4946.390539928658
2023-01-04 16:00:00,54525.12567470656,54821.71145149151,54516.910604428405,54548.800112423865,3890.769056750394
2023-01-04 17:00:00,54482.70244787326,54527.960840518426,54199.77549846805,54503.17155646099,5157.462752398458
2023-01-04 18:00:00,54619.59225399361,54832.133476554125,54538.701087529684,54602.96482258188,3169.3336378221957
2023-01-04 19:00:00,54618.508143228784,54672.67276226489,54503.21171415724,54532.59199350909,4836.564169343837
2023-01-04 20:00:00,54717.35603762415,54732.813507716906,54601.27351853801,54655.5164029445,6518.629560365494
2023-01-04 21:00:00,54736.90811305037,54935.34736364755,54601.51627645203,54755.862793910135,6428.663834439299
2023-01-04 22:00:00,54735.72814691631,54818.21455341957,54570.85942329171,54730.7242093781,5997.95738567716
2023-01-04 23:00:00,54823.44646178466,55009.466373135336,54565.14108975372,54849.53552092589,3206.111079073763
2023-01-05 00:00:00,54779.73671728558,54941.0824762384,54474.3165006906,54794.25645288457,5058.537754695024
2023-01-05 01:00:00,54724.32667688359,55064.186574706364,54697.778213484824,54830.81632175898,5704.979480373106
2023-01-05 02:00:00,55005.95538484444,55054.89251677218,54882.16295693796,54968.46498009886,5238.760671729706
2023-01-05 03:00:00,54920.21092921643,55041.53113253379,54751.5116102991,54981.04117827138,4789.9435873541825
2023-01-05 04:00:00,55062.44205476615,55131.75286374898,54732.345281728696,55032.1027344636,4747.24969930024
2023-01-05 05:00:00,54845.84520410919,54881.11037715537,54828.99802894293,54861.86509709487,2727.382289045698
2023-01-05 06:00:00,54921.816225092516,55006.57468887339,54920.45583674878,54957.1322191153,4200.660845802868
2023-01-05 07:00:00,54975.622712402765,55070.88285224041,54843.42198900785,55012.19367737613,4486.949389556599
2023-01-05 08:00:00,54812.225546956804,54989.11794022981,54645.09354459112,54841.80667561198,5933.5850943946725
2023-01-05 09:00:00,54828.890182206706,54945.3997893412,54647.69259844544,54805.50457479993,4685.74941348057
2023-01-05 10:00:00,54774.79708718019,54994.69936146337,54759.73267946408,54773.53443625726,5247.284030237619
2023-01-05 11:00:00,54555.03439375772,54712.03686339,54394.64150470863,54632.21767015662,6011.939656367902
2023-01-05 12:00:00,54697.28434341259,55074.38811911774,54638.5361613609,54707.383281351606,4771.965461714083
2023-01-05 13:00:00,54593.05567129543,54702.871632108116,54512.91004898785,54566.56495583719,6012.868194853874
2023-01-05 14:00:00,54413.333406520964,54703.132819003804,54231.75106270527,54586.21095680268,3745.8164894150786
2023-01-05 15:00:00,54682.92714477201,54818.951538333444,54503.35580042894,54630.49790785994,6178.05700395996
2023-01-05 16:00:00,54497.8822459747,54566.82491738183,54379.07609522212,54492.353076245636,4221.728273536907
2023-01-05 17:00:00,54540.70915823338,54647.0888863177,54475.93023233987,54514.93586719989,2949.782322616903
2023-01-05 18:00:00,54517.42178718033,54609.893676056505,54391.852198196284,54501.26986409022,5043.250542898353
2023-01-05 19:00:00,54323.886930825945,54626.15386204592,54271.04575763556,54425.3294478681,4690.248855983894
2023-01-05 20:00:00,54322.701932735035,54516.132914701535,54248.018317696326,54303.604475229455,4510.220219586591
2023-01-05 21:00:00,54344.967197413076,54576.64676531236,54035.86561940718,54316.287628637496,3431.5599531686426
2023-01-05 22:00:00,54389.029882493014,54573.17833924238,54378.46563718964,54391.64145319537,5422.919279615949
2023-01-05 23:00:00,54157.5910827473,54165.554149372045,53912.244237953324,54153.178091596965,5720.989391703909
2023-01-06 00:00:00,54186.62231903667,54205.33744173532,54045.04928743175,54201.40057272442,5609.790506039279
2023-01-06 01:00:00,54125.32679644035,54436.72334345074,53932.966874625825,54148.34396351421,5145.979225013515
2023-01-06 02:00:00,54046.018758898615,54167.49939881272,53972.47793428455,54142.74622891436,5999.252803047203
2023-01-06 03:00:00,54063.526992210886,54448.60737586007,53995.46521652767,54134.879135289746,5634.763131593522
2023-01-06 04:00:00,54196.58635832144,54344.43361886428,54062.284045697095,54138.66239650237,3888.5695522376454
2023-01-06 05:00:00,53965.03493865979,54097.43539176127,53848.769881299704,54005.47572217169,4000.6192507264814
2023-01-06 06:00:00,54046.01808216336,54348.97300624374,53987.52077820272,54020.363901941884,3865.7519737216585
2023-01-06 07:00:00,53921.905442996,54172.08576788866,53832.34767257536,53965.49333635719,5553.874470431868
2023-01-06 08:00:00,53887.710215284525,53985.74299636009,53845.47207639283,53924.98318767841,4871.548245666558
2023-01-06 09:00:00,53950.011685615376,54086.107919278016,53831.51882645239,53833.829119879374,4617.612970704441
2023-01-06 10:00:00,53752.92704017314,53798.634882912775,53705.45314839344,53772.91873668779,4139.5732399077615
2023-01-06 11:00:00,53735.216710526525,53925.81525231265,53576.581758618784,53728.54214816643,5203.044488408711
2023-01-06 12:00:00,53666.986361301584,53736.519370897535,53492.35779427922,53706.4819369984,6191.189262326987
2023-01-06 13:00:00,53740.4704215565,53799.21260357174,53688.47128878467,53721.147619932555,5772.045927338505
2023-01-06 14:00:00,53740.72970253963,54024.109881802135,53597.759317725795,53703.87025446655,5711.288340029528
2023-01-06 15:00:00,53595.16432798465,53765.86280631986,53473.42332519905,53642.75572087386,4319.737197477153
2023-01-06 16:00:00,53484.013059602876,53610.201529035585,53357.94277984828,53559.894017342114,4929.61616390871
2023-01-06 17:00:00,53611.71097802051,53679.4617130354,53449.16825267845,53638.39977131942,5245.265374896467
2023-01-06 18:00:00,53605.690380033375,53738.78171731642,53268.476477518365,53584.804040675255,2907.898229745782
2023-01-06 19:00:00,53469.041663782096,53582.796436354925,53143.22599955828,53451.92024752705,5841.630623306655
2023-01-06 20:00:00,53460.33327347018,53523.14291723743,53355.4262143957,53389.208176536165,4935.923259836843
2023-01-06 21:00:00,53420.83512332077,53561.951988511086,53342.39345885656,53397.64998821423,5345.769929460159
2023-01-06 22:00:00,53482.552826017665,53508.9724940057,53267.346454058716,53415.263666429935,4177.999577808481
2023-01-06 23:00:00,53415.00118629753,53533.234018924166,53264.699841046226,53329.29647671081,2885.4518529103334
2023-01-07 00:00:00,53301.22859515451,53490.22089584088,53253.315917717206,53301.2451567645,6451.168822800475
2023-01-07 01:00:00,53232.092163175825,53260.52011485162,53168.93302595975,53223.573209076094,5285.650196109875
2023-01-07 02:00:00,53092.00394161401,53256.21660719785,52993.20863810633,53217.75025362087,4740.658365707293
2023-01-07 03:00:00,53285.014985578055,53305.42441043785,53110.43466593365,53232.923425104455,7273.105107062154
2023-01-07 04:00:00,53099.353457091434,53413.8799683027,53045.73504830917,53104.472257128655,3274.10999520993
2023-01-07 05:00:00,53116.82775790033,53325.4734683874,52973.559554104635,53084.380576498814,5320.30821274627
2023-01-07 06:00:00,53016.45178264746,53301.43331026192,52896.64368673003,53050.66550737179,5284.46955672955
2023-01-07 07:00:00,53023.78068879969,53041.53740255148,52941.00050508189,53012.92044500374,4386.672820938396
2023-01-07 08:00:00,52969.56801713815,52993.77612984285,52793.69056899711,52888.89922708252,4566.432722330574
2023-01-07 09:00:00,52846.21533183385,53207.96127199744,52649.18258749526,52826.40973176327,4968.586846813538
2023-01-07 10:00:00,52760.16361072933,53216.65285851346,52496.13888161575,52830.02990468176,5345.900749035937
2023-01-07 11:00:00,52937.67715809714,53014.111815011725,52800.98253054665,52850.169266668825,4447.855916167215
2023-01-07 12:00:00,52865.792692456445,52992.71352422198,52811.28701986883,52830.224453869785,5691.19860571808
2023-01-07 13:00:00,52720.52086971526,52750.60239378696,52672.42610651769,52736.75741125183,4030.202396493133
2023-01-07 14:00:00,52855.692225741564,53076.58666712854,52742.75496723243,52792.913507054756,4734.423841321418
2023-01-07 15:00:00,52668.280008515736,52762.800000813084,52525.238184931164,52677.65132786597,4911.47469444741
2023-01-07 16:00:00,52660.42931652486,52761.85996220297,52207.380658770024,52646.5854201649,5403.4032095685125
2023-01-07 17:00:00,52614.82129488809,52773.885618151384,52513.59177787067,52596.63092039642,4481.646794730933
2023-01-07 18:00:00,52637.010801667915,52883.850490946745,52316.84759487979,52573.789947232275,7555.894459227826
2023-01-07 19:00:00,52588.16813215454,52716.60397436828,52328.18083427911,52563.071804968,4305.440213302427
2023-01-07 20:00:00,52577.45120745228,52634.521193708475,52493.30352691888,52521.89026683232,5232.869132339544
2023-01-07 21:00:00,52431.013763343326,52477.115677556336,52399.89525295083,52404.44594157712,4963.692625201065
2023-01-07 22:00:00,52431.07953051846,52537.262634752384,52147.38766093086,52486.30977110241,6731.962130186193
2023-01-07 23:00:00,52238.8952485669,52405.694412458186,52133.03253481466,52316.134753078026,4589.489537176359
2023-01-08 00:00:00,52285.14492631551,52542.98377660846,52215.39072173614,52335.60692032478,5350.009136607213
2023-01-08 01:00:00,52270.422160995324,52374.50157047719,52074.54032759757,52278.68523461502,5350.716258388296
2023-01-08 02:00:00,52256.38925137705,52401.702037505915,52130.49003546647,52200.714973096095,3120.524756089599
2023-01-08 03:00:00,52175.841605218135,52324.446282240926,52000.88027061228,52210.168021234225,4395.563275187569
2023-01-08 04:00:00,52211.57230372135,52326.36111310825,52004.07484562898,52137.64285563918,5575.848361930672
2023-01-08 05:00:00,52241.006426186555,52278.56822395682,52018.84483920596,52139.088400138484,6345.769180115007
2023-01-08 06:00:00,52133.32342239391,52175.53857411383,51979.34395867768,52116.356829706536,3574.7890390789353
2023-01-08 07:00:00,52188.512126615875,52216.843779200724,51922.11952129654,52130.558493765115,5988.925316349704
2023-01-08 08:00:00,52000.98784687243,52218.362879944856,51936.6101689712,52033.09072991871,4367.493115658783
2023-01-08 09:00:00,51967.487962908745,52081.47635146717,51813.70316463495,51947.91974564299,4859.0091904592855
2023-01-08 10:00:00,51968.15770195821,52015.948642823,51736.117006290406,51919.65951579314,3766.4382969447724
2023-01-08 11:00:00,51852.12920327739,51920.88356540985,51515.2405194507,51906.99890530573,5674.286113562373
2023-01-08 12:00:00,51849.3108558354,51916.5291774211,51814.9791264392,51904.67304147311,4431.314254438992
2023-01-08 13:00:00,52031.45177265464,52055.872131733464,51952.86654340407,51999.56174189244,6260.256787192479
2023-01-08 14:00:00,51933.9906302459,52173.04000571561,51806.65227929341,52022.93220344987,4152.318930001302
2023-01-08 15:00:00,51923.93271911358,52037.94630927447,51753.12382869355,51961.800039130925,5916.041260655888
2023-01-08 16:00:00,51925.901292747134,51995.64739917433,51855.44845624802,51978.897007514744,5240.002952285443
2023-01-08 17:00:00,51972.83355757122,52078.1306590302,51880.71735603483,51905.05866220167,4606.769285093912
2023-01-08 18:00:00,52045.111597577015,52213.56552824666,51887.04405493711,52032.04765021997,4269.889140211513
2023-01-08 19:00:00,52007.8413065674,52278.82171665375,51824.45095787707,52037.17306406288,4787.350329286057
2023-01-08 20:00:00,52103.9259505526,52353.15507921415,52066.8963452037,52094.91700494336,5159.614713311727
2023-01-08 21:00:00,52218.577254787684,52269.77308729241,52091.08261484587,52158.81971844662,5297.762889750462
2023-01-08 22:00:00,52188.717452906785,52407.402662854656,52109.449804318225,52174.682401270074,6434.886798541543
2023-01-08 23:00:00,52233.906565274905,52311.35396121141,52180.460865508656,52190.90666293876,5659.441395745662
2023-01-09 00:00:00,52179.615850089955,52476.541080874165,52119.80446153864,52228.96644732658,5537.923057723778
2023-01-09 01:00:00,52244.89668524959,52403.819184507694,52184.185182921996,52239.263731591614,5044.842196214342
2023-01-09 02:00:00,52351.40641750437,52529.25081129046,52266.61761629297,52282.00284536135,3896.9501389839224
2023-01-09 03:00:00,52089.874156077785,52162.43424868408,52032.55267963737,52137.181426819225,6657.76232988065
2023-01-09 04:00:00,52223.96085263653,52321.93611267928,52056.91314162274,52311.851781208665,5116.801868913051
2023-01-09 05:00:00,52366.366369229145,52429.975319141,52263.0498910134,52346.356198124566,4801.373059493706
2023-01-09 06:00:00,52352.02451819413,52427.06166544363,52249.80861083199,52361.4179268479,5138.501463706248
2023-01-09 07:00:00,52476.59455632015,52676.53429793282,52307.12230192367,52394.16597803409,2840.5583538999526
2023-01-09 08:00:00,52388.93310238872,52622.04734293763,52314.1785123611,52466.81107551059,5234.843757678291
2023-01-09 09:00:00,52395.26781388332,52509.77836351033,52244.68539483181,52428.32258153423,3790.3722604143827
2023-01-09 10:00:00,52552.055568334814,52857.35584676264,52515.25746627097,52594.845231543135,3334.7195791701765
2023-01-09 11:00:00,52526.571193395925,52627.71741302885,52202.257498228435,52545.8072515744,5368.418342287452
2023-01-09 12:00:00,52603.48295274097,52644.380926010905,52488.91854633002,52537.65932099862,4789.077102226806
2023-01-09 13:00:00,52534.08138250701,52739.379443636564,52475.03186367727,52554.22384686544,5336.296344884557
2023-01-09 14:00:00,52554.83112741896,52641.24706134132,52228.86128784743,52586.813126187226,4932.498169571724
2023-01-09 15:00:00,52641.67541458708,52723.83617975288,52445.53993033612,52571.95616549014,5289.795598845612
2023-01-09 16:00:00,52618.29239686639,52741.96383556846,52374.65224817759,52639.54367050545,5574.621428921168
2023-01-09 17:00:00,52726.278106587684,52769.47250516734,52477.622913843385,52684.82025178572,4931.899545306431
2023-01-09 18:00:00,52718.581856127275,52782.60535228561,52581.34912679397,52726.44543520904,5569.840514452485
2023-01-09 19:00:00,52741.080594381856,52910.53899028152,52636.102755650165,52753.03512186861,4210.42872572686
2023-01-09 20:00:00,52693.73573678468,52840.46056765973,52684.61305894587,52736.88903406411,4203.703535709496
2023-01-09 21:00:00,52646.55303672502,52810.58666032589,52617.59767307677,52706.41107724732,5454.284468145075
2023-01-09 22:00:00,52773.892034951714,52944.95260483927,52734.14260015519,52770.342337042755,5322.755521396
2023-01-09 23:00:00,52886.916846431115,53037.379899308944,52760.52290828534,52910.98939897607,4468.187683154447
2023-01-10 00:00:00,53018.90225272094,53160.315182132705,52859.54946473716,52901.76494098695,4285.897403627081
2023-01-10 01:00:00,52875.257751528574,53014.093426423504,52748.166403530726,52902.02528311268,5379.107828543306
2023-01-10 02:00:00,52865.223196584055,52951.8354928881,52747.31275682509,52872.06187004048,4149.284953598494
2023-01-10 03:00:00,52965.8609599192,53079.89089997172,52803.81806084926,52936.89111850818,5740.198479386552
2023-01-10 04:00:00,52921.863801301275,52955.19288101696,52817.01336357522,52900.50770495738,4736.371301326905
2023-01-10 05:00:00,53003.012761278675,53111.5095646415,52954.38446808947,52962.27657393671,3252.3708306782305
2023-01-10 06:00:00,53017.99647842952,53182.70140439394,52794.595197913375,53004.19552911827,5518.714881940641
2023-01-10 07:00:00,53036.10911636618,53106.65416712832,52976.90014836377,53024.955978090285,7271.0337674566945
2023-01-10 08:00:00,53107.137899872025,53149.514596892164,53003.211700633365,53117.45034971736,5087.2123372683545
2023-01-10 09:00:00,53077.624892381136,53121.80386268056,52904.19537270664,53025.266235943796,5443.330412984833
2023-01-10 10:00:00,53113.765606251574,53120.56198578003,53044.07819828037,53079.513196550826,4728.96450679941
2023-01-10 11:00:00,53112.70238976059,53327.17764593586,52965.00136899708,53080.63269005648,5998.0253502222085
2023-01-10 12:00:00,53153.479702133096,53170.07917019718,53033.577349656545,53114.08170645421,4223.421332056241
2023-01-10 13:00:00,53253.27558979089,53428.88603419806,53113.95939571327,53208.734440391956,5532.6573946133885
2023-01-10 14:00:00,53170.709112544624,53242.024375736364,53027.88546247794,53149.09189739782,3162.735137436359
2023-01-10 15:00:00,53334.81042635791,53365.44134019798,53125.36219137495,53293.38964147353,5200.048984916547
2023-01-10 16:00:00,53367.85796674985,53518.64660800325,53172.54842250842,53269.93769216561,4113.995510844279
2023-01-10 17:00:00,53305.56223812948,53431.03294682476,53205.5454925912,53312.30017611997,7079.538680357677
2023-01-10 18:00:00,53332.82377328218,53557.40245430474,53292.136132085,53351.57187487454,4299.0999117153015
2023-01-10 19:00:00,53253.74813301636,53366.34769869508,53170.46370075092,53340.31699044311,5847.517369828904
2023-01-10 20:00:00,53411.993722013256,53516.64067355112,53355.16518581863,53440.23158072438,6721.215798139392
2023-01-10 21:00:00,53347.33287554478,53568.5110157814,53207.4393163554,53405.47273708134,4779.054029631566
2023-01-10 22:00:00,53507.591170108564,53553.22401050625,53091.07074462808,53471.475664660684,4887.9047082449215
2023-01-10 23:00:00,53462.697619925064,53514.95071478648,53186.81078572073,53458.39881124188,4736.846620121811
2023-01-11 00:00:00,53521.8966060192,53762.89328212905,53430.50731732793,53509.48042823201,4810.617812267303
2023-01-11 01:00:00,53538.71120977215,53591.28735380545,53474.63770615132,53535.50212084967,5682.237016802862
2023-01-11 02:00:00,53647.640459210095,53706.08667807817,53366.57162698354,53560.59976279556,5876.326304231321
2023-01-11 03:00:00,53554.72470314525,53572.70714021238,53471.72752566149,53525.96815182275,4782.606826128192
2023-01-11 04:00:00,53721.55812058566,53837.33933124344,53440.48199032046,53623.05961131218,6549.721721265615
2023-01-11 05:00:00,53594.57640619162,53799.41006448218,53571.426548406685,53611.90025181085,5062.359788635503
2023-01-11 06:00:00,53681.951758229414,53945.85886594989,53593.71087574728,53685.954781271335,6443.551764351746
2023-01-11 07:00:00,53535.6337253843,53709.572394061666,53521.949151364504,53573.387986007234,3907.3107250225858
2023-01-11 08:00:00,53687.86029443757,53959.419423987296,53506.54152450534,53634.339125606115,5215.801695532874
2023-01-11 09:00:00,53674.96031635947,53759.12346950398,53596.69153170829,53752.34949329663,6752.909605843461
2023-01-11 10:00:00,53937.78730122455,54203.565479794095,53768.74799345428,53853.905872926145,4754.834931500985
2023-01-11 11:00:00,53739.50665514882,53944.58323027656,53505.44489998474,53829.09470949246,5365.536896637242
2023-01-11 12:00:00,53742.31751981501,53957.50431705086,53685.01513341912,53779.80150392291,3815.1230440705567
2023-01-11 13:00:00,53772.515186753786,53818.40155833041,53704.98946157306,53755.903708345024,4269.324519586574
2023-01-11 14:00:00,53832.021372196876,53994.031117398925,53795.083872915464,53904.22291865302,5464.315464122444
2023-01-11 15:00:00,53873.12803208241,53924.8731838915,53640.07301778987,53889.6417249738,4399.415134501063
2023-01-11 16:00:00,53932.92129659782,54070.18683678593,53883.91062324687,53949.78837545168,2953.377792933501
2023-01-11 17:00:00,53861.53450091785,54059.5610748849,53714.444090569756,53952.60037914851,5671.6730776826835
2023-01-11 18:00:00,54002.94108915046,54104.64117151091,53818.00377945053,53974.899867775006,5601.047093250554
2023-01-11 19:00:00,54098.04566600224,54301.814148510224,54015.1839381637,54147.931272294656,5281.62607810668
2023-01-11 20:00:00,53898.47116267701,54218.21226542952,53722.11362337571,53999.693501947724,5691.7438701869105
2023-01-11 21:00:00,53888.1231320385,54161.92330525067,53711.78215520651,53953.83549234633,5019.961103904333
2023-01-11 22:00:00,53891.63723549151,54066.887852353924,53702.81054832635,53917.52307184778,6684.981495624268
2023-01-11 23:00:00,53865.81759741017,54112.41513533887,53810.78088629401,53856.216422591584,5108.308598382354
2023-01-12 00:00:00,53903.78449266863,54090.83745262802,53815.94042459599,53896.69765597172,5709.69314016237
2023-01-12 01:00:00,53781.969674851105,54064.3055364994,53722.64189760848,53791.301047355875,3484.986485849717
2023-01-12 02:00:00,53758.93523904752,53823.796067378345,53634.806535321,53802.58365213616,5253.676650545174
2023-01-12 03:00:00,53734.65634056352,54009.71640128501,53707.578658234896,53746.8144211536,5586.579680286541
2023-01-12 04:00:00,53809.75322605485,53868.92803898612,53745.416089015795,53755.33131557853,3504.891330660199
2023-01-12 05:00:00,53782.65849462366,54025.48851906187,53672.06247341348,53677.188755130315,4875.158227355046
2023-01-12 06:00:00,53400.3734408111,53723.64591776857,53310.20244900369,53557.30828904251,5812.811870496868
2023-01-12 07:00:00,53491.76466438863,53588.81316077763,53293.51049399598,53513.45089164618,5778.009730185
2023-01-12 08:00:00,53679.12195410193,53860.1090921136,53581.87373629695,53611.99149101171,4673.348297832473
2023-01-12 09:00:00,53416.6833000239,53585.50922663959,53341.75831329308,53472.935246353634,4715.446624599126
2023-01-12 10:00:00,53486.787979584355,53671.69544767745,53302.730142908935,53399.13841033636,3784.3379356649966
2023-01-12 11:00:00,53364.20339538426,53564.13888840824,53280.327289533045,53393.48536214134,5545.987985166501
2023-01-12 12:00:00,53421.74788781367,53507.02373602682,53337.10508576536,53451.99530929222,5985.833245584547
2023-01-12 13:00:00,53355.913538649686,53565.63892393403,53194.80924768514,53279.55114780538,4852.981263855957
2023-01-12 14:00:00,53206.5222412498,53306.69897371758,53202.640749122555,53269.03479037382,4596.040065070569
2023-01-12 15:00:00,53214.005674114414,53405.66330332695,53069.13326634675,53240.816927930966,5399.1220478520445
2023-01-12 16:00:00,53105.465985847564,53205.44809710568,53044.251595983835,53173.39556250611,6315.727460797091
2023-01-12 17:00:00,53042.765349541885,53227.62166131763,52949.4126856131,53138.53644206318,4533.425968040097
2023-01-12 18:00:00,53134.47693353546,53509.450934749715,53050.512659339416,53083.64516303457,5850.720674117465
2023-01-12 19:00:00,53150.33150648297,53237.8825174147,52990.00377417526,53098.28894394991,5346.213573472708
2023-01-12 20:00:00,53073.41544830608,53084.46582937782,52460.235654988566,53065.400625828726,3872.827795096866
2023-01-12 21:00:00,52965.05675277523,53113.07634671031,52736.1269942005,53010.81691251455,3953.37243913955
2023-01-12 22:00:00,52915.88605320471,53128.49096143989,52813.83450121847,52924.05668108533,4608.596320191394
2023-01-12 23:00:00,53128.407335485404,53228.77519300546,52939.523143188126,53031.2061231855,5804.438289269309
2023-01-13 00:00:00,52829.239482486286,53103.605250330285,52752.70339508137,52863.88313719307,4696.120060556187
2023-01-13 01:00:00,52897.52933235659,53358.49545998006,52819.98350749116,52906.03651706182,5150.47701594143
2023-01-13 02:00:00,52793.19417618639,52964.481325010805,52552.72228846474,52800.19425461372,4818.811977033178
2023-01-13 03:00:00,52699.38980329765,52933.71659320239,52565.334126382906,52849.14618041573,6382.230838855217
2023-01-13 04:00:00,52857.33027921117,52958.81137283852,52553.39057326496,52825.319707646,4321.626188605067
2023-01-13 05:00:00,52773.13959202983,52856.07680440971,52673.9482037272,52695.44516336524,4194.438013642318
2023-01-13 06:00:00,52555.81787019747,52679.15325925814,52451.590859355645,52604.93780902076,5957.501795816842
2023-01-13 07:00:00,52709.060199037805,52870.173425869325,52478.39799234463,52697.71071427159,6225.4531482040575
2023-01-13 08:00:00,52719.640268602445,53010.5496240217,52710.162290463486,52718.50912845928,3506.5981853370795
2023-01-13 09:00:00,52674.860962794206,52696.42945969285,52267.65067982851,52607.301580927204,5145.194681369704
2023-01-13 10:00:00,52568.49433223836,52738.20321218392,51990.7051715201,52556.34182781556,6148.869475111295
2023-01-13 11:00:00,52526.15980832785,52854.77973158679,52255.39570099054,52551.100390031075,5545.338901920719
2023-01-13 12:00:00,52531.7822775127,52598.30559483125,52388.26483237395,52510.16285465941,4626.254972288897
2023-01-13 13:00:00,52374.092964416675,52589.26976733377,52218.07177173507,52392.25842348049,3907.7996535679026
2023-01-13 14:00:00,52416.12493918353,52697.431992224185,52334.7137273036,52362.5480524427,4837.693466964202
2023-01-13 15:00:00,52387.032114950285,52538.15443098306,52355.23100401939,52387.859548289314,4542.070589716301
2023-01-13 16:00:00,52301.47325144408,52465.855455147794,52112.308192795215,52311.90045622149,3979.3315001935375
2023-01-13 17:00:00,52244.30240273766,52665.088671445126,52062.53223985455,52346.72915619767,3114.568344128267
2023-01-13 18:00:00,52165.248936640965,52303.4037563192,51935.91130530976,52207.47952185704,4535.100774424698
2023-01-13 19:00:00,52257.26749588731,52538.01127373258,52209.42844161036,52242.02487786589,3351.203755280755
2023-01-13 20:00:00,52167.05957049174,52302.382042734986,52157.940012499916,52183.42403389992,5634.408706138631
2023-01-13 21:00:00,52052.1387506227,52299.4644224874,52021.90858522863,52121.768009454965,5687.285710802495
2023-01-13 22:00:00,52222.597429035995,52296.5276646289,51915.3472323825,52148.68317904117,5186.625719560586
2023-01-13 23:00:00,52044.29940437,52230.13615856562,51824.43663655209,52085.6889699018,5618.716810087124
2023-01-14 00:00:00,51925.401507392686,51966.15172411094,51912.05507136832,51963.23478839831,5165.095617833791
2023-01-14 01:00:00,51986.180012958954,52303.743152024115,51833.90986509838,52007.29183289739,4468.003414745208
2023-01-14 02:00:00,52007.29015894647,52176.15174974035,51976.764475840355,52005.8281832601,4618.728538815922
2023-01-14 03:00:00,51852.94321907456,52090.10702560069,51783.48753688871,51892.35417004515,5424.24338582298
2023-01-14 04:00:00,51889.73141020826,51975.23866569249,51751.16054321533,51848.241364784124,5382.078619660132
2023-01-14 05:00:00,51697.92329225573,51832.35540692504,51475.76969635649,51788.989552730185,6369.212075493033
2023-01-14 06:00:00,51782.86378767045,51980.8470149216,51622.8046709919,51783.589468637576,4908.130784107316
2023-01-14 07:00:00,51794.015068093526,51845.431320239884,51751.20603203248,51780.37745003298,6482.163456708382
2023-01-14 08:00:00,51613.66590156303,52075.8622326145,51365.82366287844,51666.98175356039,4208.337763361439
2023-01-14 09:00:00,51660.26865994695,51761.30270865191,51568.80040255621,51602.345043311456,5380.344789644355
2023-01-14 10:00:00,51553.807156372604,51625.97332387815,51461.93205389069,51612.6731786082,4225.667273663473
2023-01-14 11:00:00,51504.67795603889,51572.59063881162,51300.21359724853,51524.27217803335,4996.8451601272245
2023-01-14 12:00:00,51559.00314289759,51603.8740133996,51379.5505970037,51581.217101839415,4358.487664168544
2023-01-14 13:00:00,51480.058820841674,51593.19523568255,51448.50413915646,51495.51944408458,5213.69560233777
2023-01-14 14:00:00,51444.01350540184,51771.90354432667,51305.24039787699,51390.881593165715,4108.410117599851
2023-01-14 15:00:00,51453.516512644506,51644.867250819494,51269.42955862363,51423.01906246532,5157.958780158928
2023-01-14 16:00:00,51435.50352535552,51581.073808713474,51382.158544973645,51392.61644172153,6519.471096680987
2023-01-14 17:00:00,51345.9446438463,51416.91264135668,51289.07766915976,51386.50172448821,4804.891529787411
2023-01-14 18:00:00,51339.41351435984,51380.9243419339,51318.0496618495,51318.5745194715,4495.416730387538
2023-01-14 19:00:00,51287.30485179299,51410.84092496058,51219.68715056411,51381.07677228019,6382.17346420405
2023-01-14 20:00:00,51216.74839872237,51437.82857963902,51100.8948548231,51223.50300967024,5540.392345339232
2023-01-14 21:00:00,51203.78743063881,51251.021907631446,51149.550309567494,51208.11602762707,6869.808914081172
2023-01-14 22:00:00,51256.30567448474,51399.55612491448,51028.34858853684,51167.88817715203,5304.062389814787
2023-01-14 23:00:00,51121.393213878844,51253.23855711238,50872.01869809229,51120.700041453805,6165.258341165726
2023-01-15 00:00:00,51029.287215201795,51315.855276612245,51023.41196785989,51103.750492733794,4402.20942595716
2023-01-15 01:00:00,51035.599578959904,51230.2883527687,50974.3728558437,51085.48853115202,4125.853679731609
2023-01-15 02:00:00,51045.79291529341,51146.62209964989,50967.30908287262,51087.22965427795,5527.780312152627
2023-01-15 03:00:00,50922.83872666538,51019.946019135336,50650.440275839705,50903.559665540386,3666.0007331502425
2023-01-15 04:00:00,50962.604831124736,51114.69923025953,50901.32663381161,50918.3030810288,3236.8424661979025
2023-01-15 05:00:00,50903.43309296654,51196.56454483503,50680.50035751443,50883.22940626048,5549.697269114722
2023-01-15 06:00:00,50928.180456052854,51068.418933795205,50894.26221498661,50914.30824520517,5272.824942065265
2023-01-15 07:00:00,50820.626686728036,50907.9633798873,50683.47090570809,50811.3803300924,5192.448761384494
2023-01-15 08:00:00,50737.332927362964,50915.11510984237,50620.85766154726,50696.25245630109,3868.043466038718
2023-01-15 09:00:00,50678.3402407594,50819.41757440568,50524.53496178219,50757.195511957376,5844.3346060858785
2023-01-15 10:00:00,50698.32789393332,50866.82828213947,50375.00184910295,50712.92227999599,4937.677324808464
2023-01-15 11:00:00,50679.51254760182,50839.49993515028,50517.757982985844,50685.392072670584,6701.608168112745
2023-01-15 12:00:00,50596.13781205955,50692.19968358251,50585.02348945272,50586.194103142036,4376.370806880236
2023-01-15 13:00:00,50698.10671710756,50830.161042162086,50548.79456692796,50685.95173405422,5697.490154587941
2023-01-15 14:00:00,50590.839844624184,50594.721661566306,50553.99651882499,50583.807010810735,6312.255203521634
2023-01-15 15:00:00,50697.021014972,50719.183246288296,50506.759615144634,50636.89388190753,3823.151680810388
2023-01-15 16:00:00,50662.18432489527,50759.16115934754,50575.30227168744,50647.61702117397,4613.304462630239
2023-01-15 17:00:00,50731.59952127056,50763.167042623085,50540.5950308272,50692.376074302905,2766.094747705708
2023-01-15 18:00:00,50712.58113240963,51061.43178723406,50331.755864724044,50724.098051341425,5842.652217285162
2023-01-15 19:00:00,50833.1176366856,51029.18621550964,50785.416506121386,50811.87808157202,6190.35443905288
2023-01-15 20:00:00,50891.82854653618,50921.87204275357,50652.47317911021,50829.973257055455,5913.004534081881
2023-01-15 21:00:00,50977.31288647417,51048.01417727296,50832.500372961804,51026.984440886765,6092.067706490699
2023-01-15 22:00:00,50858.34240319693,50971.74041623182,50622.989837361565,50876.04517963837,4527.61909873059
2023-01-15 23:00:00,51035.21863476001,51240.89894295945,50858.05185801124,50960.36199608084,4858.165514191462
2023-01-16 00:00:00,51086.26324924445,51089.8231738442,51017.25584012154,51043.01652689929,5088.38290840611
2023-01-16 01:00:00,51103.40804734344,51254.448608549006,50939.374193004514,51143.07053705928,5775.844854189759
2023-01-16 02:00:00,51085.89643039496,51245.786915624245,50650.51472901557,51135.01685391757,4843.916548258303
2023-01-16 03:00:00,51245.50484314379,51372.65608779505,51034.32020370691,51235.81159246894,3509.7865721705675
2023-01-16 04:00:00,51249.404117924496,51320.748554886435,51187.91374218346,51198.98195318649,4894.731644427578
2023-01-16 05:00:00,51274.53640745477,51434.54632126976,51231.58628456534,51297.595429177956,5811.14504465615
2023-01-16 06:00:00,51363.353933573395,51431.143834703376,51266.42939637531,51428.14165166598,6095.921777818587
2023-01-16 07:00:00,51364.20091416624,51596.681212018964,51100.325608493884,51338.86110236268,6034.196600361161
2023-01-16 08:00:00,51462.90530390197,51574.86390162913,51379.02021529811,51454.53543077463,6566.033272827525
2023-01-16 09:00:00,51572.83406947096,51700.04643852204,51337.0383408573,51490.21214777624,5309.863453422535
2023-01-16 10:00:00,51431.20292393109,51622.83815079332,51388.167268946956,51413.5977473449,5015.571783015878
2023-01-16 11:00:00,51509.3508729203,51646.34043799194,51476.0639095177,51543.03469415298,5185.978588755589
2023-01-16 12:00:00,51651.085380531,51682.672912229515,51483.671867432095,51675.349541574025,5160.889166825447
2023-01-16 13:00:00,51640.718375420576,51780.261364816404,51354.50691033048,51671.854554765174,5845.701242121474
2023-01-16 14:00:00,51592.95105858895,51706.46983190115,51343.804299506584,51650.79594782835,5013.570061891976
2023-01-16 15:00:00,51700.36594243341,51978.923110908145,51530.335310751194,51792.256984451145,5861.036854446332
2023-01-16 16:00:00,51701.345981205406,51849.57614832344,51629.457236431226,51780.07069837187,5392.493258010693
2023-01-16 17:00:00,51783.93964853262,51908.79691719044,51689.50863668316,51868.33810687384,6198.667904945913
2023-01-16 18:00:00,51905.097869978366,51971.44805658185,51888.10612254555,51915.49030102389,5666.444460318179
2023-01-16 19:00:00,51847.16540801937,51991.039252746945,51659.12152211616,51887.01824007695,6835.560647906783
2023-01-16 20:00:00,52111.15574540795,52194.96953052879,51938.66800523004,52028.75314670315,5807.497237651637
2023-01-16 21:00:00,52015.868626618525,52133.44713753642,51919.07865543417,51985.1950297369,4454.7445922320985
2023-01-16 22:00:00,52027.36308603582,52159.53132353068,51944.55648600603,52016.58990131379,3903.646494823356
2023-01-16 23:00:00,52038.336558967756,52147.991348228636,52006.3620971922,52084.04647007699,5157.273228403857
2023-01-17 00:00:00,52106.22963685183,52281.580135155236,51815.857617114925,52157.19214260214,5528.701686270564
2023-01-17 01:00:00,52252.72988130407,52353.69762027808,51745.74350348496,52226.275526949576,3650.724515583859
2023-01-17 02:00:00,52210.06412871909,52254.85225495611,52197.315777751886,52228.48490734111,4186.253400029365
2023-01-17 03:00:00,52417.83198878368,52468.78676039034,52288.66673831404,52350.6637844117,4012.4284696610384
2023-01-17 04:00:00,52375.87724003408,52573.65385933701,52366.777406897345,52372.30475282634,4967.952566828554
2023-01-17 05:00:00,52374.77165289947,52393.72333848277,52334.663505282406,52371.3003577011,4027.144994731807
2023-01-17 06:00:00,52577.06699547046,52677.61946924483,52163.370462343526,52496.79863916833,5497.555941967541
2023-01-17 07:00:00,52544.55519214033,52705.84133165183,52492.536748947765,52556.71113600313,3847.0570482509793
2023-01-17 08:00:00,52650.25282480239,52652.94299623565,52416.1338895917,52540.03220811254,5961.968655817199
2023-01-17 09:00:00,52637.36110178017,53039.70052730482,52565.475592412986,52580.52601553704,4818.137935803205
2023-01-17 10:00:00,52557.53858260075,52675.56308343621,52520.695941474085,52548.89532495463,4731.148732651924
2023-01-17 11:00:00,52625.813206643375,52785.8568894335,52583.26954934693,52663.51698783009,4001.121750064908
2023-01-17 12:00:00,52619.998142623794,52733.850778508575,52436.46539030398,52715.62600665361,5661.810950634805
2023-01-17 13:00:00,52787.83476021314,52852.600961521675,52526.99174553654,52788.77903747708,4310.359835542562
2023-01-17 14:00:00,52903.02365815991,53090.95404451433,52701.653624733284,52814.397470364784,6754.312258414242
2023-01-17 15:00:00,52843.36583934731,53011.92333039869,52599.87667748606,52881.32886368554,6307.740053379758
2023-01-17 16:00:00,52960.95172807065,52999.944721781634,52906.661459394854,52992.140756075925,5504.138555104466
2023-01-17 17:00:00,53018.21954340581,53102.86120247987,52917.16058625292,52935.249261511264,3653.6999907562576
2023-01-17 18:00:00,53024.72429069671,53219.26359688207,52953.76017949265,52983.505077146874,5958.235643832262
2023-01-17 19:00:00,53031.890098544405,53165.32574926804,52877.798939372995,52988.904150392256,5145.859461383743
2023-01-17 20:00:00,53116.28260010765,53130.953890707526,53023.36318791893,53100.238117602516,5535.236441004911
2023-01-17 21:00:00,53202.91303343563,53284.92225765404,53086.53166536697,53195.820514895284,4693.043322251115
2023-01-17 22:00:00,53117.97586866088,53424.49521723411,53021.457730271,53105.73507314441,4865.264053269837
2023-01-17 23:00:00,53194.58716924335,53325.08735698215,53179.06584205346,53206.30446708527,5637.380985545599
2023-01-18 00:00:00,53314.9652704218,53514.26908105832,53212.12218167998,53287.70306539365,5465.623814010766
2023-01-18 01:00:00,53417.241833597735,53551.38589088585,53199.52644884351,53374.719909276886,4833.202508709757
2023-01-18 02:00:00,53503.83621264581,53785.12186996877,53300.26001498183,53397.66700188423,3630.78140510299
2023-01-18 03:00:00,53478.36680314148,53609.91861738099,53257.13318472308,53441.10539617421,5529.861877607097
2023-01-18 04:00:00,53382.21547221618,53585.352588522626,53360.23519789107,53459.92530029877,5412.111623927463
2023-01-18 05:00:00,53623.143184412584,53644.04368850984,53419.78641704514,53541.54337728046,4401.6113296578515
2023-01-18 06:00:00,53583.70933426909,53649.56117576578,53483.9823240389,53614.47358343841,5567.861498338514
2023-01-18 07:00:00,53453.78110532042,53657.82110612304,53331.66135808882,53524.6175252665,5377.704563816253
2023-01-18 08:00:00,53629.04598924838,53769.754979100304,53454.643125690425,53692.802608967926,5009.771172941946
2023-01-18 09:00:00,53780.90731984578,53803.4803528302,53631.47800959822,53697.74657346505,4074.5330269023934
2023-01-18 10:00:00,53746.04744685849,53837.653171006015,53606.39019164812,53722.493845379875,6580.103607920915
2023-01-18 11:00:00,53604.971471891724,53691.62817736964,53490.34416657758,53673.14822412885,5234.070906216228
2023-01-18 12:00:00,53673.25760922694,53870.01447448519,53451.21151021459,53772.59317207232,4556.748051354386
2023-01-18 13:00:00,53959.639947388765,54445.62908453525,53942.49687834239,53972.82241269961,5665.87739716125
2023-01-18 14:00:00,53890.63324462046,53929.703801587624,53524.96586717584,53899.800761296276,6125.440233018364
2023-01-18 15:00:00,53929.50093152008,54348.0492166096,53823.347072782795,53926.29847418902,5519.677108060774
2023-01-18 16:00:00,53918.88030414945,54068.55828561234,53900.8589467359,54004.024339776704,5060.7932668187395
2023-01-18 17:00:00,54055.91629582315,54101.32390039713,53862.015875790334,54035.897001323174,4616.654863406003
2023-01-18 18:00:00,54126.00905915098,54358.07577536099,53995.36216465895,54125.681018879266,6882.882309750085
2023-01-18 19:00:00,54258.08518919943,54343.98330680507,53867.04015690159,54241.620495992865,3479.0917436880827
2023-01-18 20:00:00,54201.13009201345,54406.406552905064,54146.975410504485,54182.749739370134,3512.7587322604495
2023-01-18 21:00:00,54218.83661799367,54359.26163805131,53904.49520869497,54266.10376427256,4689.4337645199785
2023-01-18 22:00:00,54295.74573395313,54569.68654378032,54156.25918334772,54247.33612951517,2975.6957245357144
2023-01-18 23:00:00,54382.431179897976,54451.187817300844,54215.82415018113,54427.01503351972,5455.708633581937
2023-01-19 00:00:00,54342.380044294936,54422.10726616209,54287.93983524998,54406.767608362316,4987.12987195212
2023-01-19 01:00:00,54378.68277435663,54440.66568636229,54349.13677451695,54389.53320490929,5866.433481790588
2023-01-19 02:00:00,54541.50655273086,54818.02065350851,54450.19996625537,54535.14819691276,6478.31033460733
2023-01-19 03:00:00,54635.5639370037,54745.83802131564,54392.66505803588,54596.24099316738,6184.177128347841
2023-01-19 04:00:00,54433.835684526966,54680.4430732169,54198.23094804009,54590.623153740846,6054.388039175423
2023-01-19 05:00:00,54467.22797995243,54687.417568811645,54184.99488852856,54546.88921202564,5606.698423038768
2023-01-19 06:00:00,54683.60180926122,54893.20181703516,54617.898743969265,54764.42622591072,4784.465036804851
2023-01-19 07:00:00,54806.918035820716,54927.15050437636,54414.6073689213,54736.98263609843,6020.616912064627
2023-01-19 08:00:00,54856.60153252423,54908.33146995288,54595.303590408585,54826.3079497674,5005.49834363895
2023-01-19 09:00:00,54730.34377480709,54794.466639064725,54715.261912668044,54786.54929947568,4006.4598102919144
2023-01-19 10:00:00,54885.87054085785,54908.99311793815,54775.38868855631,54840.471488327064,4219.091393766875
2023-01-19 11:00:00,54903.191601646446,55039.79400327522,54862.53661697759,54912.234064860495,4634.658430097327
2023-01-19 12:00:00,55128.846453926846,55181.14083843032,54887.67552324782,55008.690218129974,5746.237932053946
2023-01-19 13:00:00,55011.81198865077,55098.88874905195,54845.91250265517,55006.478360468755,6448.208551894863
2023-01-19 14:00:00,55051.35667747391,55082.77138770253,54981.7475018196,54982.795893265924,3760.3769295534344
2023-01-19 15:00:00,55161.76599676904,55203.970838035275,55004.24206839512,55105.045768564,3559.3260059675467
2023-01-19 16:00:00,55254.60049780617,55283.650778838215,55217.75909480926,55219.73174328258,3582.1882339807275
2023-01-19 17:00:00,55225.33017383299,55326.810918264535,55180.07072175526,55187.8540725124,5804.181001410762
2023-01-19 18:00:00,55232.6096396464,55566.48610337658,55083.679923111966,55237.341759410294,5240.485748153631
2023-01-19 19:00:00,55236.87526839093,55405.729885495675,55199.57540390902,55214.05402091449,4805.118242912357
2023-01-19 20:00:00,55265.81747986152,55341.03115915382,55021.566390621774,55253.34047849976,5288.173829231394
2023-01-19 21:00:00,55368.187715351974,55617.23093905222,55074.90449926546,55337.91405077745,4738.803179131241
2023-01-19 22:00:00,55401.896213119035,55660.43919075149,55387.037256289295,55399.78150021939,2644.19408726592
2023-01-19 23:00:00,55506.75364193581,55752.91811842125,55259.41839491125,55467.61914413306,5524.344353226058
2023-01-20 00:00:00,55424.4439735787,55859.081979192335,55405.0560432125,55517.02268093847,4902.906918761132
2023-01-20 01:00:00,55702.06872906157,55715.38857076119,55594.966297611565,55635.128939597824,4844.09981927614
2023-01-20 02:00:00,55576.37347677933,55666.19549197197,55488.836011113475,55604.27665380168,3726.861754724283
2023-01-20 03:00:00,55651.790037926934,55811.06212171301,55646.850126524725,55700.87214113195,5345.660617482245
2023-01-20 04:00:00,55812.06997202245,55858.12165251949,55662.864623420464,55691.993264811375,4285.119225389184
2023-01-20 05:00:00,55867.70493064852,55869.699821899325,55755.490887417945,55812.713636957116,4999.3208353925165
2023-01-20 06:00:00,55723.72064276133,55803.74547892793,55630.59597767809,55693.05730727069,5003.8330862925095
2023-01-20 07:00:00,55808.16291985934,55872.172576566474,55480.82185115272,55802.94931770634,4965.92737118123
2023-01-20 08:00:00,55983.200233983036,56063.86886437412,55577.65560316975,55928.34630068544,3614.9649436093277
2023-01-20 09:00:00,55921.12837036936,56042.04543538521,55894.45754280966,55916.923555441856,4981.537832547745
2023-01-20 10:00:00,55992.107304487094,56172.15867183143,55959.27012484082,56018.38856120631,5068.931695434742
2023-01-20 11:00:00,56030.43166841833,56184.037553074304,55996.58910196796,56037.37411050798,4403.968464027247
2023-01-20 12:00:00,56091.602054854935,56122.14853615289,56070.872151377924,56111.72337938699,6336.415170755952
2023-01-20 13:00:00,56236.162646936886,56315.277701461266,55969.698836337404,56141.391641434995,4457.118486839147
2023-01-20 14:00:00,56214.33662770983,56354.78022405805,56121.93261206054,56190.729426556456,4085.823418615051
2023-01-20 15:00:00,56299.49698774069,56404.8208912872,56103.295505555885,56277.97847405556,4362.282789886528
2023-01-20 16:00:00,56317.50275505404,56593.18249021786,56281.13621819814,56298.988130465244,5718.514506396922
2023-01-20 17:00:00,56429.26471652455,56480.41721645926,56304.79877315884,56345.66348971923,3594.039065960492
2023-01-20 18:00:00,56356.169999190795,56462.98053831474,56171.9629865196,56343.3028171339,5243.211710654849
2023-01-20 19:00:00,56305.64820685808,56453.083689583174,56020.198919982315,56359.49809353599,4737.601425979344
2023-01-20 20:00:00,56356.661824473784,56457.70454102828,56354.43371130346,56401.921324445444,4476.518471868194
2023-01-20 21:00:00,56558.676336510835,56631.760923350426,56462.06833214271,56518.75528355075,4980.174757148891
2023-01-20 22:00:00,56318.781827238,56459.95536478604,56083.28935046522,56405.593750321226,4722.668443910021
2023-01-20 23:00:00,56482.39672572348,56587.56358555537,56407.13810163681,56508.46659394049,4953.042052450055
2023-01-21 00:00:00,56656.55750508277,56923.31335491795,56552.77639786988,56571.971543893975,5864.209270891057
2023-01-21 01:00:00,56618.49728562781,56657.61791184086,56387.26810273721,56654.06188408545,3391.2208636301284
2023-01-21 02:00:00,56622.037556415155,56677.608168057995,56358.36000411028,56581.17977601192,4526.621050466949
2023-01-21 03:00:00,56856.341637130565,56950.36469363591,56643.39342552505,56821.996467814024,4496.003148274259
2023-01-21 04:00:00,56799.71729448692,56891.79519690566,56629.30185897632,56835.37788933325,4625.441438313861
2023-01-21 05:00:00,57005.476826764694,57062.50564509546,56602.80276417983,56950.906972271914,3280.3260961779138
2023-01-21 06:00:00,57038.50783104089,57294.74993967404,56742.114105448476,56951.09730062734,5085.800642789623
2023-01-21 07:00:00,56969.975620546364,57151.20256782275,56811.35033283759,56995.81426857102,5681.7559566212485
2023-01-21 08:00:00,57129.422928886845,57161.72011105345,57098.58369742139,57103.13782839717,4128.718802570957
2023-01-21 09:00:00,57000.80739395013,57159.8659072157,56845.606964371334,57008.364847334975,5521.137514439383
2023-01-21 10:00:00,56981.74237136661,57269.29978525981,56800.25344232848,57008.04855654759,3626.0528421485806
2023-01-21 11:00:00,57091.36234179699,57301.13290348044,56956.53353179645,57117.91233151764,5942.553423820408
2023-01-21 12:00:00,57108.96437037461,57150.63086127868,56786.09070625316,57134.589323482134,6135.790661166827
2023-01-21 13:00:00,57214.23599170781,57326.488700282825,57204.69094855551,57209.30538295548,6649.609729994417
2023-01-21 14:00:00,57340.22137286077,57446.845290997706,56968.04388629277,57215.94542632601,3422.17221221736
2023-01-21 15:00:00,57376.8887176855,57441.328659073435,57164.05974473538,57343.15910404383,4167.591174312749
2023-01-21 16:00:00,57395.10241393267,57715.670089140214,57278.250833579004,57386.72296798329,4982.996417326018
2023-01-21 17:00:00,57417.20264591059,57898.12416863258,57318.30937813302,57406.03642080715,5020.8510164570125
2023-01-21 18:00:00,57403.06560943362,57794.49985857156,57248.36063244822,57469.27035033692,5905.452835968431
2023-01-21 19:00:00,57413.81940172066,57784.35038757352,57304.294226015656,57492.89746364353,6667.025786843934
